NoiseStd,AvgStep,AvgReturn,Condition,Seed
0.0,904.1400000000001,3356.2577333495933,ZOAC (Linear),100
0.005,607.6600000000002,2191.954072449241,ZOAC (Linear),100
0.01,609.0600000000001,2209.2134876084283,ZOAC (Linear),100
0.015,570.9,2048.575110538491,ZOAC (Linear),100
0.02,473.14000000000004,1659.8633566226417,ZOAC (Linear),100
0.025,484.92000000000024,1712.3221512281034,ZOAC (Linear),100
0.03,467.04000000000013,1626.5531878654385,ZOAC (Linear),100
0.035,474.5,1631.2853126126365,ZOAC (Linear),100
0.04,399.6599999999999,1386.3353932282873,ZOAC (Linear),100
0.045,415.5800000000001,1448.0936639074093,ZOAC (Linear),100
0.05,480.6999999999999,1662.7678169186695,ZOAC (Linear),100
0.055,415.00000000000017,1443.1001778417192,ZOAC (Linear),100
0.06,383.8,1284.2485172249944,ZOAC (Linear),100
0.065,393.29999999999995,1331.1247708443173,ZOAC (Linear),100
0.07,299.1199999999999,997.0416224362027,ZOAC (Linear),100
0.075,331.60000000000014,1074.702111456152,ZOAC (Linear),100
0.08,238.53999999999996,751.6280727890321,ZOAC (Linear),100
0.085,297.13999999999993,950.3723297589348,ZOAC (Linear),100
0.09,259.3999999999999,834.2003111002113,ZOAC (Linear),100
0.095,304.0799999999999,971.8442530679107,ZOAC (Linear),100
0.1,280.02,892.491370725396,ZOAC (Linear),100
0.0,520.84,1762.607825282563,ZOAC (Linear),200
0.005,525.92,1777.4726196402069,ZOAC (Linear),200
0.01,518.38,1753.6876937956104,ZOAC (Linear),200
0.015,567.0399999999998,1911.2529522973446,ZOAC (Linear),200
0.02,529.24,1790.1978471532666,ZOAC (Linear),200
0.025,508.74,1718.267201642596,ZOAC (Linear),200
0.03,485.7799999999999,1633.0731898317722,ZOAC (Linear),200
0.035,493.12,1646.3369328631197,ZOAC (Linear),200
0.04,494.74,1653.4938291824833,ZOAC (Linear),200
0.045,548.1199999999999,1787.5413257095058,ZOAC (Linear),200
0.05,524.74,1713.8842520114329,ZOAC (Linear),200
0.055,495.30000000000007,1597.636295324828,ZOAC (Linear),200
0.06,487.6599999999999,1577.7048481351687,ZOAC (Linear),200
0.065,457.38,1464.4112679547563,ZOAC (Linear),200
0.07,390.94,1234.734465576503,ZOAC (Linear),200
0.075,408.9800000000001,1298.5213805027013,ZOAC (Linear),200
0.08,379.21999999999997,1178.4548007502415,ZOAC (Linear),200
0.085,346.64000000000004,1089.0332010394618,ZOAC (Linear),200
0.09,346.8400000000001,1045.313562564946,ZOAC (Linear),200
0.095,393.76000000000005,1174.0855920284512,ZOAC (Linear),200
0.1,318.88000000000005,968.1439545728703,ZOAC (Linear),200
0.0,954.5600000000001,2923.77638697649,ZOAC (Linear),300
0.005,980.96,3003.4738515082895,ZOAC (Linear),300
0.01,945.3,2900.79704590096,ZOAC (Linear),300
0.015,908.8399999999999,2807.435573320815,ZOAC (Linear),300
0.02,915.98,2832.0084123558095,ZOAC (Linear),300
0.025,831.6,2608.5171123635864,ZOAC (Linear),300
0.03,824.5400000000002,2540.657215935825,ZOAC (Linear),300
0.035,798.4600000000002,2474.422643803147,ZOAC (Linear),300
0.04,697.5400000000001,2105.8708417736157,ZOAC (Linear),300
0.045,694.78,2128.097199255575,ZOAC (Linear),300
0.05,667.64,2018.806794129638,ZOAC (Linear),300
0.055,629.3399999999999,1895.2403750441824,ZOAC (Linear),300
0.06,675.3999999999999,2018.5983590222522,ZOAC (Linear),300
0.065,588.0399999999997,1787.2928453777633,ZOAC (Linear),300
0.07,572.3200000000002,1715.3758622411779,ZOAC (Linear),300
0.075,411.5999999999999,1184.1815927945734,ZOAC (Linear),300
0.08,469.8,1405.4865282487026,ZOAC (Linear),300
0.085,481.17999999999995,1348.8870924870716,ZOAC (Linear),300
0.09,451.6400000000002,1341.3974364558776,ZOAC (Linear),300
0.095,406.50000000000006,1160.8875212614714,ZOAC (Linear),300
0.1,387.7999999999999,1094.003414622276,ZOAC (Linear),300
0.0,1000.0,3385.278760186209,ZOAC (Linear),400
0.005,1000.0,3386.2619396807145,ZOAC (Linear),400
0.01,996.42,3375.965636199859,ZOAC (Linear),400
0.015,983.54,3335.3135667007123,ZOAC (Linear),400
0.02,947.0200000000001,3211.9511200446277,ZOAC (Linear),400
0.025,902.96,3071.1086572588306,ZOAC (Linear),400
0.03,905.2,3069.642054552235,ZOAC (Linear),400
0.035,757.7199999999997,2541.0522305294426,ZOAC (Linear),400
0.04,717.3,2366.467161083587,ZOAC (Linear),400
0.045,691.6,2261.6131894087207,ZOAC (Linear),400
0.05,635.8999999999999,2073.7371498206035,ZOAC (Linear),400
0.055,559.8599999999999,1801.2583708131845,ZOAC (Linear),400
0.06,505.66,1633.3224048947334,ZOAC (Linear),400
0.065,475.34,1480.2235440156908,ZOAC (Linear),400
0.07,536.18,1705.4390075231872,ZOAC (Linear),400
0.075,495.6400000000001,1542.7265251589831,ZOAC (Linear),400
0.08,412.26000000000016,1284.5002065105195,ZOAC (Linear),400
0.085,368.04,1101.311357138732,ZOAC (Linear),400
0.09,455.8799999999999,1399.6985263173228,ZOAC (Linear),400
0.095,374.92000000000013,1120.6298452376782,ZOAC (Linear),400
0.1,367.54,1068.5121623011307,ZOAC (Linear),400
0.0,963.62,3181.5605214586153,ZOAC (Linear),500
0.005,992.36,3256.498633255005,ZOAC (Linear),500
0.01,947.52,3126.408551186106,ZOAC (Linear),500
0.015,937.64,3089.033749291518,ZOAC (Linear),500
0.02,925.2200000000001,3059.612278519404,ZOAC (Linear),500
0.025,929.82,3054.6406240789584,ZOAC (Linear),500
0.03,884.6199999999999,2906.7099529467923,ZOAC (Linear),500
0.035,896.22,2928.32425325062,ZOAC (Linear),500
0.04,826.88,2710.0342403555155,ZOAC (Linear),500
0.045,847.4,2750.9120864672373,ZOAC (Linear),500
0.05,851.7199999999998,2764.027997716683,ZOAC (Linear),500
0.055,823.3799999999999,2648.010824716257,ZOAC (Linear),500
0.06,685.12,2174.803978023746,ZOAC (Linear),500
0.065,652.2199999999999,2101.438956047911,ZOAC (Linear),500
0.07,681.9,2162.757780129028,ZOAC (Linear),500
0.075,722.9599999999999,2307.409812347188,ZOAC (Linear),500
0.08,583.74,1779.5819651884315,ZOAC (Linear),500
0.085,565.08,1730.5235326047352,ZOAC (Linear),500
0.09,554.06,1656.19232130016,ZOAC (Linear),500
0.095,454.7,1380.8512382567474,ZOAC (Linear),500
0.1,565.36,1714.2907752928957,ZOAC (Linear),500
0.0,1000.0,3503.382012722216,ZOAC (Neural),100
0.005,986.56,3470.5180233909587,ZOAC (Neural),100
0.01,968.1800000000001,3361.476155594102,ZOAC (Neural),100
0.015,923.5,3203.8123919686905,ZOAC (Neural),100
0.02,841.4000000000001,2879.5748541194325,ZOAC (Neural),100
0.025,846.6199999999999,2867.1843122750083,ZOAC (Neural),100
0.03,688.0199999999996,2346.8912000434602,ZOAC (Neural),100
0.035,630.2999999999998,2136.0100062920037,ZOAC (Neural),100
0.04,595.16,1963.6834335189335,ZOAC (Neural),100
0.045,587.6600000000002,1934.4496027705336,ZOAC (Neural),100
0.05,556.2799999999997,1840.5033472976052,ZOAC (Neural),100
0.055,417.97999999999996,1300.5335581283152,ZOAC (Neural),100
0.06,445.80000000000007,1432.8912346243917,ZOAC (Neural),100
0.065,445.0599999999999,1410.7892719786316,ZOAC (Neural),100
0.07,389.66,1194.3711299164063,ZOAC (Neural),100
0.075,309.15999999999985,934.770076400016,ZOAC (Neural),100
0.08,300.3400000000001,863.8781702176857,ZOAC (Neural),100
0.085,288.44000000000005,852.2193854703835,ZOAC (Neural),100
0.09,301.79999999999995,920.5292457684701,ZOAC (Neural),100
0.095,288.44,835.3863176235329,ZOAC (Neural),100
0.1,199.55999999999995,528.0833457969998,ZOAC (Neural),100
0.0,624.0200000000001,2095.507528382704,ZOAC (Neural),200
0.005,596.02,2005.2925934220007,ZOAC (Neural),200
0.01,551.18,1831.8791805313083,ZOAC (Neural),200
0.015,564.46,1877.7442213194433,ZOAC (Neural),200
0.02,416.9,1341.329799133711,ZOAC (Neural),200
0.025,499.08,1618.3638260438659,ZOAC (Neural),200
0.03,569.7,1836.8312759193393,ZOAC (Neural),200
0.035,455.63999999999993,1449.0815645662956,ZOAC (Neural),200
0.04,459.50000000000017,1426.8363610662473,ZOAC (Neural),200
0.045,360.86,1112.6481049732727,ZOAC (Neural),200
0.05,405.0599999999999,1259.705451839264,ZOAC (Neural),200
0.055,383.6,1161.8727147268733,ZOAC (Neural),200
0.06,351.84000000000003,997.6232121596271,ZOAC (Neural),200
0.065,245.48000000000002,728.5554244608603,ZOAC (Neural),200
0.07,315.78,857.7838159928558,ZOAC (Neural),200
0.075,225.43999999999997,622.4753061404817,ZOAC (Neural),200
0.08,254.76000000000008,696.4412334425232,ZOAC (Neural),200
0.085,239.0600000000001,652.055467954206,ZOAC (Neural),200
0.09,203.96000000000006,535.7018638375712,ZOAC (Neural),200
0.095,196.43999999999994,531.1195474962989,ZOAC (Neural),200
0.1,204.82,537.6299211495367,ZOAC (Neural),200
0.0,438.09999999999997,1480.2840941197385,ZOAC (Neural),300
0.005,480.24,1613.414691957188,ZOAC (Neural),300
0.01,489.65999999999997,1653.057080997277,ZOAC (Neural),300
0.015,508.7399999999999,1705.2701415596111,ZOAC (Neural),300
0.02,500.68,1679.412461144377,ZOAC (Neural),300
0.025,479.72,1570.843167571575,ZOAC (Neural),300
0.03,443.14,1427.937439493882,ZOAC (Neural),300
0.035,466.13999999999993,1503.6032443473262,ZOAC (Neural),300
0.04,383.72000000000014,1229.309746998932,ZOAC (Neural),300
0.045,439.2,1386.2558970601358,ZOAC (Neural),300
0.05,386.73999999999995,1150.0122748272868,ZOAC (Neural),300
0.055,323.7,987.3851283643642,ZOAC (Neural),300
0.06,276.38,824.5983099691343,ZOAC (Neural),300
0.065,291.74,848.5280582181707,ZOAC (Neural),300
0.07,227.89999999999998,667.2342285319211,ZOAC (Neural),300
0.075,238.22000000000006,685.4448245098857,ZOAC (Neural),300
0.08,210.18000000000006,565.4502489995436,ZOAC (Neural),300
0.085,215.88,605.648210953404,ZOAC (Neural),300
0.09,160.3,432.055337351077,ZOAC (Neural),300
0.095,144.00000000000006,381.6129829528835,ZOAC (Neural),300
0.1,143.65999999999997,373.23076683798104,ZOAC (Neural),300
0.0,808.5599999999998,2872.6239540598112,ZOAC (Neural),400
0.005,780.9599999999998,2769.1557869098274,ZOAC (Neural),400
0.01,790.6199999999999,2796.2247532021447,ZOAC (Neural),400
0.015,782.8,2763.3304568446324,ZOAC (Neural),400
0.02,748.9599999999999,2641.9875040652887,ZOAC (Neural),400
0.025,746.3199999999999,2601.480962852615,ZOAC (Neural),400
0.03,720.5999999999999,2480.824596986674,ZOAC (Neural),400
0.035,665.1399999999999,2289.9081214578177,ZOAC (Neural),400
0.04,662.0999999999999,2266.8696445150626,ZOAC (Neural),400
0.045,572.3000000000001,1929.6192249379578,ZOAC (Neural),400
0.05,522.9599999999998,1736.20785556288,ZOAC (Neural),400
0.055,485.56,1574.1880550448718,ZOAC (Neural),400
0.06,440.81999999999994,1433.5145881631213,ZOAC (Neural),400
0.065,417.44000000000005,1357.4394209579877,ZOAC (Neural),400
0.07,457.5199999999999,1464.9796453942038,ZOAC (Neural),400
0.075,401.88,1248.9944780867465,ZOAC (Neural),400
0.08,347.5799999999999,1086.637173910799,ZOAC (Neural),400
0.085,334.00000000000006,989.9965295755061,ZOAC (Neural),400
0.09,311.47999999999996,925.6612792946419,ZOAC (Neural),400
0.095,302.16,885.4042932912122,ZOAC (Neural),400
0.1,258.93999999999994,731.0773185324476,ZOAC (Neural),400
0.0,1000.0,3176.1958523327557,ZOAC (Neural),500
0.005,1000.0,3172.1893698582426,ZOAC (Neural),500
0.01,996.34,3155.2083644001345,ZOAC (Neural),500
0.015,968.2,3068.987352272025,ZOAC (Neural),500
0.02,869.06,2743.4783725946118,ZOAC (Neural),500
0.025,845.0599999999998,2660.046150979679,ZOAC (Neural),500
0.03,833.6,2595.634332014654,ZOAC (Neural),500
0.035,782.64,2446.935811413703,ZOAC (Neural),500
0.04,665.0000000000002,2060.345368028828,ZOAC (Neural),500
0.045,534.26,1670.3289332311433,ZOAC (Neural),500
0.05,500.12,1550.2201695021186,ZOAC (Neural),500
0.055,480.5399999999999,1489.546101230278,ZOAC (Neural),500
0.06,350.34000000000003,1044.936497736565,ZOAC (Neural),500
0.065,352.8799999999999,1057.674162244977,ZOAC (Neural),500
0.07,313.04,892.0446921778282,ZOAC (Neural),500
0.075,276.82000000000005,797.9894004847696,ZOAC (Neural),500
0.08,308.94,883.5654759511226,ZOAC (Neural),500
0.085,299.78000000000003,851.8227441961501,ZOAC (Neural),500
0.09,213.14,574.311029616054,ZOAC (Neural),500
0.095,195.06,543.3009962346862,ZOAC (Neural),500
0.1,182.77999999999994,502.61721848149506,ZOAC (Neural),500
0.0,1000.0,3031.352882627637,ARS (Linear),100
0.005,1000.0,3033.043088905933,ARS (Linear),100
0.01,950.4200000000001,2886.5034722041214,ARS (Linear),100
0.015,927.7200000000001,2807.937467045541,ARS (Linear),100
0.02,728.86,2162.684948423173,ARS (Linear),100
0.025,559.9,1608.8904902107038,ARS (Linear),100
0.03,393.3599999999999,1056.4555726925958,ARS (Linear),100
0.035,329.76,884.824656013498,ARS (Linear),100
0.04,312.90000000000003,833.6668489597414,ARS (Linear),100
0.045,215.60000000000008,509.9565827094118,ARS (Linear),100
0.05,185.40000000000003,433.2886874731857,ARS (Linear),100
0.055,135.4,279.21958865344936,ARS (Linear),100
0.06,113.91999999999996,226.1602890705642,ARS (Linear),100
0.065,136.78,287.12646272272025,ARS (Linear),100
0.07,114.08000000000004,213.39763518075375,ARS (Linear),100
0.075,80.50000000000001,148.8363785350765,ARS (Linear),100
0.08,125.36000000000001,235.92903614867157,ARS (Linear),100
0.085,83.35999999999999,134.36627587039186,ARS (Linear),100
0.09,58.06000000000002,93.10199710797077,ARS (Linear),100
0.095,69.14,123.04374207960868,ARS (Linear),100
0.1,78.32000000000002,146.03825010065512,ARS (Linear),100
0.0,997.18,2166.1362075470456,ARS (Linear),200
0.005,978.28,2123.822213277837,ARS (Linear),200
0.01,826.08,1798.3697088840893,ARS (Linear),200
0.015,669.78,1442.0423684821758,ARS (Linear),200
0.02,572.1799999999998,1209.3384775260618,ARS (Linear),200
0.025,368.46,775.2135285349743,ARS (Linear),200
0.03,302.2,626.9138436962741,ARS (Linear),200
0.035,232.88000000000002,469.22730384633246,ARS (Linear),200
0.04,151.56000000000003,287.81543202744933,ARS (Linear),200
0.045,145.14000000000001,283.42921270042757,ARS (Linear),200
0.05,89.81999999999998,159.04643905145312,ARS (Linear),200
0.055,81.59999999999998,144.98796114404388,ARS (Linear),200
0.06,68.16000000000001,117.39775896208397,ARS (Linear),200
0.065,73.99999999999999,125.26536513530122,ARS (Linear),200
0.07,73.36000000000001,132.92484752304148,ARS (Linear),200
0.075,65.99999999999999,114.10379664785135,ARS (Linear),200
0.08,74.06000000000002,130.68771539845065,ARS (Linear),200
0.085,51.59999999999998,87.16034775996997,ARS (Linear),200
0.09,51.07999999999999,85.7106315743074,ARS (Linear),200
0.095,43.599999999999994,72.18380605854736,ARS (Linear),200
0.1,56.43999999999999,85.6353652894492,ARS (Linear),200
0.0,744.5400000000001,1459.5096959710438,ARS (Linear),300
0.005,727.5000000000002,1421.4613670614558,ARS (Linear),300
0.01,718.2199999999999,1417.2867074408005,ARS (Linear),300
0.015,539.2199999999999,1065.5240614366853,ARS (Linear),300
0.02,431.34000000000003,849.4809829692304,ARS (Linear),300
0.025,313.2000000000001,611.2866511411845,ARS (Linear),300
0.03,229.10000000000002,439.5485794685835,ARS (Linear),300
0.035,205.86,394.0736265299014,ARS (Linear),300
0.04,166.74,315.32180037092303,ARS (Linear),300
0.045,129.1,229.5456492859647,ARS (Linear),300
0.05,117.76,219.9474576251827,ARS (Linear),300
0.055,78.32000000000001,137.42991913709758,ARS (Linear),300
0.06,63.63999999999999,107.9968300396857,ARS (Linear),300
0.065,70.16000000000001,120.50508974415287,ARS (Linear),300
0.07,55.339999999999996,93.10561742388933,ARS (Linear),300
0.075,53.78,85.1232049190784,ARS (Linear),300
0.08,47.160000000000004,75.66059811263666,ARS (Linear),300
0.085,64.47999999999998,107.62584020982791,ARS (Linear),300
0.09,47.220000000000006,74.0191377123825,ARS (Linear),300
0.095,38.87999999999999,58.44021417805436,ARS (Linear),300
0.1,48.61999999999999,77.96683431167024,ARS (Linear),300
0.0,995.98,2942.3226362683818,ARS (Linear),400
0.005,977.18,2901.96407042277,ARS (Linear),400
0.01,944.84,2822.0109566675696,ARS (Linear),400
0.015,865.4,2609.3645372289466,ARS (Linear),400
0.02,823.3200000000002,2462.2351224862678,ARS (Linear),400
0.025,745.2,2229.740612662206,ARS (Linear),400
0.03,775.4399999999998,2343.137120582968,ARS (Linear),400
0.035,737.8399999999999,2222.4802892779894,ARS (Linear),400
0.04,603.5600000000001,1832.9401515118902,ARS (Linear),400
0.045,454.0999999999999,1364.659970262604,ARS (Linear),400
0.05,546.16,1585.5950677344968,ARS (Linear),400
0.055,421.82,1240.4606675990153,ARS (Linear),400
0.06,407.88,1206.6581236072293,ARS (Linear),400
0.065,353.26,1045.0894969526703,ARS (Linear),400
0.07,389.67999999999995,1147.3397408635728,ARS (Linear),400
0.075,307.76,911.0580343811112,ARS (Linear),400
0.08,282.9000000000001,820.5040134872712,ARS (Linear),400
0.085,284.78000000000003,814.2714075710415,ARS (Linear),400
0.09,248.2,712.0596023027325,ARS (Linear),400
0.095,269.86000000000007,772.4975331138464,ARS (Linear),400
0.1,276.1799999999999,792.2696408288913,ARS (Linear),400
0.0,1000.0,3271.8993387023675,ARS (Linear),500
0.005,1000.0,3275.014705481728,ARS (Linear),500
0.01,996.74,3264.4556437373562,ARS (Linear),500
0.015,978.5600000000001,3198.7636987263445,ARS (Linear),500
0.02,902.9399999999998,2937.56443114597,ARS (Linear),500
0.025,890.5999999999999,2896.894992490071,ARS (Linear),500
0.03,816.4399999999999,2623.9127287597375,ARS (Linear),500
0.035,599.4799999999999,1895.5388637861456,ARS (Linear),500
0.04,694.7600000000001,2213.7507954326215,ARS (Linear),500
0.045,659.0599999999998,2087.671430884167,ARS (Linear),500
0.05,619.28,1949.2516684356174,ARS (Linear),500
0.055,550.44,1703.9018568720137,ARS (Linear),500
0.06,474.00000000000006,1428.4277990019923,ARS (Linear),500
0.065,446.46000000000015,1338.6261541058225,ARS (Linear),500
0.07,342.36000000000007,998.8259517058978,ARS (Linear),500
0.075,333.92,976.531499760246,ARS (Linear),500
0.08,349.93999999999994,1020.4318538138186,ARS (Linear),500
0.085,317.2999999999999,863.4797695616522,ARS (Linear),500
0.09,343.85999999999996,999.9676651698787,ARS (Linear),500
0.095,315.7799999999999,853.2952225711177,ARS (Linear),500
0.1,294.4800000000001,810.1128623825729,ARS (Linear),500
0.0,724.7800000000001,899.6918864470902,ES (Neural),100
0.005,758.2800000000001,932.1435857748994,ES (Neural),100
0.01,804.4000000000001,968.9782075639556,ES (Neural),100
0.015,792.4600000000002,936.5738883474833,ES (Neural),100
0.02,761.6800000000001,916.1063952300271,ES (Neural),100
0.025,682.96,814.1520699262575,ES (Neural),100
0.03,689.2399999999999,805.4819847139844,ES (Neural),100
0.035,616.42,732.2562090472151,ES (Neural),100
0.04,632.5599999999998,748.5338043198022,ES (Neural),100
0.045,480.73999999999984,565.8620645040825,ES (Neural),100
0.05,543.8400000000001,634.0415326233987,ES (Neural),100
0.055,400.3599999999999,456.3470201531747,ES (Neural),100
0.06,488.24,562.9399056004161,ES (Neural),100
0.065,344.44000000000005,411.225352067292,ES (Neural),100
0.07,283.02000000000004,333.17216643847433,ES (Neural),100
0.075,277.78000000000003,326.66517949639945,ES (Neural),100
0.08,313.56000000000006,359.5208099103585,ES (Neural),100
0.085,348.38,382.99162885252724,ES (Neural),100
0.09,222.92,255.12450677251874,ES (Neural),100
0.095,240.38,266.3154956370071,ES (Neural),100
0.1,130.23999999999998,157.2764402162181,ES (Neural),100
0.0,1000.0,1043.639587123316,ES (Neural),200
0.005,1000.0,1043.705282587868,ES (Neural),200
0.01,1000.0,1043.4831267001227,ES (Neural),200
0.015,1000.0,1043.5974939175417,ES (Neural),200
0.02,1000.0,1042.9660871838241,ES (Neural),200
0.025,984.64,1036.2263764931588,ES (Neural),200
0.03,893.62,948.4669303402912,ES (Neural),200
0.035,830.76,889.3719734973316,ES (Neural),200
0.04,723.3199999999999,771.0880254771225,ES (Neural),200
0.045,600.06,646.969183932691,ES (Neural),200
0.05,481.39999999999986,517.5885737778706,ES (Neural),200
0.055,434.36,464.5777540727965,ES (Neural),200
0.06,484.9,509.7430746528351,ES (Neural),200
0.065,358.17999999999995,367.0751417601866,ES (Neural),200
0.07,406.59999999999997,427.0532301602,ES (Neural),200
0.075,312.5799999999999,327.5604119768028,ES (Neural),200
0.08,349.13999999999993,371.0235859021997,ES (Neural),200
0.085,255.86000000000004,260.9666001035259,ES (Neural),200
0.09,195.03999999999996,197.6316300486917,ES (Neural),200
0.095,173.9,185.73438323227154,ES (Neural),200
0.1,160.46,157.0127703707841,ES (Neural),200
0.0,1000.0,1114.535747372418,ES (Neural),300
0.005,957.44,1061.1316828920237,ES (Neural),300
0.01,911.8399999999999,1019.2338224889202,ES (Neural),300
0.015,874.0200000000001,980.1952181980531,ES (Neural),300
0.02,880.8399999999999,981.8692206611507,ES (Neural),300
0.025,823.7800000000001,921.1687673411939,ES (Neural),300
0.03,811.7000000000002,900.1677236886618,ES (Neural),300
0.035,860.36,937.9493224753938,ES (Neural),300
0.04,781.9,866.3997577592471,ES (Neural),300
0.045,694.96,765.1105199305181,ES (Neural),300
0.05,723.6200000000002,782.0719964298711,ES (Neural),300
0.055,718.2200000000001,770.5888415243666,ES (Neural),300
0.06,634.02,668.8080711597943,ES (Neural),300
0.065,531.4,575.5223466393369,ES (Neural),300
0.07,471.35999999999996,507.5684970405445,ES (Neural),300
0.075,508.1400000000001,537.126759947417,ES (Neural),300
0.08,523.1200000000001,557.6724185870147,ES (Neural),300
0.085,414.02000000000004,436.03938439067457,ES (Neural),300
0.09,385.2400000000001,393.27439935102564,ES (Neural),300
0.095,323.9600000000001,339.2494376365924,ES (Neural),300
0.1,232.80000000000004,250.1396451081901,ES (Neural),300
0.0,1000.0,1033.5902965331522,ES (Neural),400
0.005,1000.0,1033.6445261295949,ES (Neural),400
0.01,1000.0,1033.581762909239,ES (Neural),400
0.015,959.5,993.4386523224788,ES (Neural),400
0.02,859.48,893.3635036476016,ES (Neural),400
0.025,791.28,824.192504827045,ES (Neural),400
0.03,703.2600000000001,733.6770737982229,ES (Neural),400
0.035,665.2399999999998,695.9840871373701,ES (Neural),400
0.04,495.4800000000001,520.7587687581058,ES (Neural),400
0.045,466.96000000000004,491.9804900074402,ES (Neural),400
0.05,404.56,429.8761467282299,ES (Neural),400
0.055,295.62000000000006,321.74633235443116,ES (Neural),400
0.06,371.20000000000005,395.9156816057334,ES (Neural),400
0.065,273.7199999999999,294.84678206927623,ES (Neural),400
0.07,252.07999999999998,273.0223665107729,ES (Neural),400
0.075,226.08000000000007,243.0931479097208,ES (Neural),400
0.08,154.16,171.82575883437391,ES (Neural),400
0.085,123.55999999999999,133.55512342778704,ES (Neural),400
0.09,163.41999999999996,172.62252414585586,ES (Neural),400
0.095,125.84000000000002,135.20360336594283,ES (Neural),400
0.1,96.86000000000004,108.69950840804687,ES (Neural),400
0.0,1000.0,1125.530219397719,ES (Neural),500
0.005,990.44,1119.2993602472316,ES (Neural),500
0.01,931.5999999999999,1057.9221545087055,ES (Neural),500
0.015,872.38,994.2920738376462,ES (Neural),500
0.02,740.9800000000001,848.0065157753463,ES (Neural),500
0.025,683.2600000000001,789.8909276682549,ES (Neural),500
0.03,743.04,847.4973033024562,ES (Neural),500
0.035,751.44,855.7952058288101,ES (Neural),500
0.04,606.7400000000001,701.3574291091255,ES (Neural),500
0.045,614.5799999999999,700.913005145625,ES (Neural),500
0.05,493.1400000000001,569.4684939981527,ES (Neural),500
0.055,460.64000000000004,554.5560685266637,ES (Neural),500
0.06,450.0200000000001,522.9050270029351,ES (Neural),500
0.065,518.92,587.0990916360363,ES (Neural),500
0.07,411.96,490.16163181877334,ES (Neural),500
0.075,235.54000000000005,280.0137288937191,ES (Neural),500
0.08,154.58000000000004,190.0614219124294,ES (Neural),500
0.085,207.81999999999996,248.6342528673369,ES (Neural),500
0.09,172.72,202.3708975115452,ES (Neural),500
0.095,216.1,247.57632352606691,ES (Neural),500
0.1,144.88,181.27128533689566,ES (Neural),500
0.0,926.82,3026.901906056432,PPO (Neural),100
0.005,841.72,2738.956472122957,PPO (Neural),100
0.01,667.76,2151.3020727396797,PPO (Neural),100
0.015,470.17999999999995,1489.5406600236424,PPO (Neural),100
0.02,492.48,1539.7204427630634,PPO (Neural),100
0.025,333.3600000000001,1016.7090769133773,PPO (Neural),100
0.03,288.08,869.7691084030588,PPO (Neural),100
0.035,226.98000000000008,671.6576414452802,PPO (Neural),100
0.04,231.38000000000002,680.8531122815541,PPO (Neural),100
0.045,171.30000000000004,462.9498582928767,PPO (Neural),100
0.05,156.58000000000007,420.9395951880128,PPO (Neural),100
0.055,146.14000000000001,398.1028902769589,PPO (Neural),100
0.06,150.12,393.17296976401946,PPO (Neural),100
0.065,112.72000000000003,282.1665121261985,PPO (Neural),100
0.07,137.26000000000002,362.1647524481273,PPO (Neural),100
0.075,105.53999999999998,239.7321152158934,PPO (Neural),100
0.08,102.55999999999997,201.12887238765578,PPO (Neural),100
0.085,131.98,239.8257044825251,PPO (Neural),100
0.09,111.70000000000002,220.040003422212,PPO (Neural),100
0.095,102.14,207.00647226054798,PPO (Neural),100
0.1,79.42,164.1567723967939,PPO (Neural),100
0.0,768.0799999999998,2601.779110660886,PPO (Neural),200
0.005,684.6600000000001,2332.648124238555,PPO (Neural),200
0.01,510.4600000000001,1733.1826116060777,PPO (Neural),200
0.015,459.34000000000003,1535.1354260794612,PPO (Neural),200
0.02,347.78,1129.3887428226335,PPO (Neural),200
0.025,304.21999999999997,944.9347970179776,PPO (Neural),200
0.03,294.12000000000006,914.1480279615267,PPO (Neural),200
0.035,201.71999999999994,597.3085612087983,PPO (Neural),200
0.04,203.16000000000003,575.2917371791293,PPO (Neural),200
0.045,204.24000000000007,557.7628863605405,PPO (Neural),200
0.05,164.52,394.97844278171914,PPO (Neural),200
0.055,161.66,376.77750784503047,PPO (Neural),200
0.06,166.04000000000002,392.75222331782015,PPO (Neural),200
0.065,136.98000000000002,261.66328847696053,PPO (Neural),200
0.07,136.98000000000002,258.43805353525806,PPO (Neural),200
0.075,139.21999999999997,254.64172151542678,PPO (Neural),200
0.08,152.82000000000002,246.8692684132332,PPO (Neural),200
0.085,101.39999999999998,189.3244083764035,PPO (Neural),200
0.09,147.55999999999997,267.23136481178716,PPO (Neural),200
0.095,124.98000000000002,190.9182878360963,PPO (Neural),200
0.1,126.18000000000004,185.37756132769778,PPO (Neural),200
0.0,1000.0,2903.537581655247,PPO (Neural),300
0.005,959.38,2618.870032405142,PPO (Neural),300
0.01,896.6,2506.472815679284,PPO (Neural),300
0.015,719.6199999999999,1948.9134662108474,PPO (Neural),300
0.02,564.88,1549.170440636545,PPO (Neural),300
0.025,406.34000000000003,1115.994379351042,PPO (Neural),300
0.03,442.24000000000007,1182.604809398698,PPO (Neural),300
0.035,222.84000000000006,565.2930664222805,PPO (Neural),300
0.04,200.45999999999998,516.3944629858112,PPO (Neural),300
0.045,172.46,382.0046697950207,PPO (Neural),300
0.05,167.29999999999995,371.6609825908067,PPO (Neural),300
0.055,142.98000000000005,333.4305449775016,PPO (Neural),300
0.06,121.56000000000003,243.5844563088593,PPO (Neural),300
0.065,161.25999999999993,326.55648340845914,PPO (Neural),300
0.07,128.06,226.2960872957146,PPO (Neural),300
0.075,140.03999999999996,224.36861806782616,PPO (Neural),300
0.08,111.86,244.86091246596754,PPO (Neural),300
0.085,151.28000000000006,252.42117015513284,PPO (Neural),300
0.09,120.7,164.13972653203572,PPO (Neural),300
0.095,129.17999999999995,178.7310968980859,PPO (Neural),300
0.1,96.71999999999998,157.87589318731594,PPO (Neural),300
0.0,302.11999999999995,998.9349232942186,PPO (Neural),400
0.005,275.5200000000001,864.9070727739404,PPO (Neural),400
0.01,271.5600000000001,848.21323939519,PPO (Neural),400
0.015,256.41999999999996,799.3731552260148,PPO (Neural),400
0.02,225.5,685.8850855038987,PPO (Neural),400
0.025,204.03999999999996,593.6826294593278,PPO (Neural),400
0.03,179.06000000000003,517.4567336173773,PPO (Neural),400
0.035,160.32000000000005,442.74265939108165,PPO (Neural),400
0.04,151.66,420.13977045348236,PPO (Neural),400
0.045,145.60000000000005,391.4447098855541,PPO (Neural),400
0.05,109.20000000000002,273.0453029084109,PPO (Neural),400
0.055,126.72,321.37082481018064,PPO (Neural),400
0.06,108.22000000000001,255.81819856110098,PPO (Neural),400
0.065,112.08000000000003,227.13758221800342,PPO (Neural),400
0.07,175.0,314.2887425985702,PPO (Neural),400
0.075,84.03999999999996,187.6014179368354,PPO (Neural),400
0.08,105.74000000000001,170.48081625380172,PPO (Neural),400
0.085,161.18000000000004,253.32740518065583,PPO (Neural),400
0.09,123.8,184.84463213018702,PPO (Neural),400
0.095,91.30000000000003,161.28724633739134,PPO (Neural),400
0.1,97.17999999999999,147.1897879663692,PPO (Neural),400
0.0,1000.0,3362.412798953317,PPO (Neural),500
0.005,879.7999999999998,2967.945883380944,PPO (Neural),500
0.01,518.9799999999998,1760.5159842845649,PPO (Neural),500
0.015,348.58000000000004,1159.6278460373608,PPO (Neural),500
0.02,278.12000000000006,905.2857142017266,PPO (Neural),500
0.025,210.92,658.9229008353702,PPO (Neural),500
0.03,230.70000000000007,715.2548610048638,PPO (Neural),500
0.035,187.86,557.8990965671679,PPO (Neural),500
0.04,134.23999999999998,362.26212959475765,PPO (Neural),500
0.045,110.67999999999998,287.1193542347816,PPO (Neural),500
0.05,92.12000000000002,214.38089700958648,PPO (Neural),500
0.055,106.26000000000002,269.5852521182626,PPO (Neural),500
0.06,85.35999999999996,207.66557139782503,PPO (Neural),500
0.065,67.18000000000002,150.4256751256361,PPO (Neural),500
0.07,76.55999999999999,182.32448025445868,PPO (Neural),500
0.075,101.28000000000002,191.0367249864548,PPO (Neural),500
0.08,73.64,134.6293412238021,PPO (Neural),500
0.085,63.27999999999999,120.66568159411867,PPO (Neural),500
0.09,68.18,143.6830952031734,PPO (Neural),500
0.095,59.80000000000001,118.45286518225497,PPO (Neural),500
0.1,47.46000000000001,92.22104112738424,PPO (Neural),500
